<?xml version="1.0" encoding="UTF-8"?>
<projectDescription>
	<name>TwoPlayer-desktop</name>
	<comment>Project TwoPlayer-desktop created by Buildship.</comment>
	<projects>
	</projects>
	<buildSpec>
		<buildCommand>
			<name>org.eclipse.jdt.core.javabuilder</name>
			<arguments>
			</arguments>
		</buildCommand>
		<buildCommand>
			<name>org.eclipse.buildship.core.gradleprojectbuilder</name>
			<arguments>
			</arguments>
		</buildCommand>
	</buildSpec>
	<natures>
		<nature>org.eclipse.jdt.core.javanature</nature>
		<nature>org.eclipse.buildship.core.gradleprojectnature</nature>
	</natures>
	<linkedResources>
		<link>
			<name>assets</name>
			<type>2</type>
			<locationURI>PARENT-1-PROJECT_LOC/core/assets</locationURI>
		</link>
	</linkedResources>
</projectDescription>
